baseline_model,platform,AUC,F1-score,total_params_million,train_time_seconds,max_memory_mb
RawFeature,Books,0.6919251716789012,0.6428571428571428,0.001,2.62,1.76
RawFeature,Electronics,0.7501014528041556,0.6430379746835444,0.001,4.53,1.44
RawFeature,Clothing,0.6726316004995802,0.6128266033254156,0.0,4.56,1.44
OnlyMMD,Books,0.6886336727444944,0.6430379746835443,0.02,1.12,1.81
OnlyMMD,Electronics,0.7484376268160053,0.6469135802469135,0.02,3.42,1.96
OnlyMMD,Clothing,0.6746790606252944,0.6232558139534883,0.02,2.21,2.1
LightGCN_Baseline,Books,0.6904096613781672,0.671604938271605,0.018,1.43,2.09
LightGCN_Baseline,Electronics,0.7440345751156563,0.684931506849315,0.018,3.15,2.09
LightGCN_Baseline,Clothing,0.6646260314080383,0.6336206896551725,0.017,1.67,2.09
